Case_ID,Loopback,Duration_Minutes
P0001,False,91.0
P0002,False,118.0
P0003,False,97.0
P0004,False,90.0
P0005,False,94.0
P0006,False,93.0
P0007,False,107.0
P0008,False,70.0
P0009,False,115.0
P0010,False,107.0
P0011,False,73.0
P0012,False,93.0
P0013,False,82.0
P0014,False,88.0
P0015,True,105.0
P0016,False,97.0
P0017,True,112.0
P0018,True,105.0
P0019,False,67.0
P0020,True,141.0
P0021,False,83.0
P0022,False,95.0
P0023,True,130.0
P0024,False,101.0
P0025,False,107.0
P0026,False,87.0
P0027,False,98.0
P0028,False,107.0
P0029,False,104.0
P0030,False,86.0
P0031,False,90.0
P0032,True,117.0
P0033,False,93.0
P0034,True,157.0
P0035,False,80.0
P0036,True,141.0
P0037,True,116.0
P0038,True,86.0
P0039,True,136.0
P0040,True,137.0
P0041,False,90.0
P0042,False,91.0
P0043,False,102.0
P0044,False,76.0
P0045,False,122.0
P0046,False,71.0
P0047,False,123.0
P0048,True,137.0
P0049,False,92.0
P0050,False,94.0
P0051,False,108.0
P0052,False,115.0
P0053,False,104.0
P0054,False,80.0
P0055,False,88.0
P0056,True,127.0
P0057,False,85.0
P0058,True,83.0
P0059,True,102.0
P0060,True,110.0
P0061,False,66.0
P0062,True,116.0
P0063,False,65.0
P0064,False,109.0
P0065,False,84.0
P0066,False,98.0
P0067,True,127.0
P0068,False,98.0
P0069,True,92.0
P0070,False,107.0
P0071,False,83.0
P0072,False,60.0
P0073,True,121.0
P0074,True,102.0
P0075,True,121.0
P0076,True,100.0
P0077,False,81.0
P0078,True,135.0
P0079,False,107.0
P0080,False,79.0
P0081,True,106.0
P0082,False,83.0
P0083,True,106.0
P0084,True,111.0
P0085,True,109.0
P0086,False,76.0
P0087,False,85.0
P0088,False,78.0
P0089,True,141.0
P0090,True,134.0
P0091,False,102.0
P0092,False,86.0
P0093,False,71.0
P0094,True,99.0
P0095,False,88.0
P0096,False,134.0
P0097,False,65.0
P0098,True,123.0
P0099,False,116.0
P0100,False,131.0
