Case_ID,min,max,duration_minutes,Loopback,Conformant,Risk_Score,Risk_Level
P0001,2026-09-22 21:47:22,2026-09-22 23:18:22,91.0,False,True,0,Low
P0002,2026-09-22 21:47:22,2026-09-22 23:45:22,118.0,False,True,1,Medium
P0003,2026-09-22 21:47:22,2026-09-22 23:24:22,97.0,False,True,0,Low
P0004,2026-09-22 21:47:22,2026-09-22 23:17:22,90.0,False,True,0,Low
P0005,2026-09-22 21:47:22,2026-09-22 23:21:22,94.0,False,True,0,Low
P0006,2026-09-22 21:47:22,2026-09-22 23:20:22,93.0,False,True,0,Low
P0007,2026-09-22 21:47:22,2026-09-22 23:34:22,107.0,False,True,1,Medium
P0008,2026-09-22 21:47:22,2026-09-22 22:57:22,70.0,False,True,0,Low
P0009,2026-09-22 21:47:22,2026-09-22 23:42:22,115.0,False,True,1,Medium
P0010,2026-09-22 21:47:22,2026-09-22 23:34:22,107.0,False,True,1,Medium
P0011,2026-09-22 21:47:22,2026-09-22 23:00:22,73.0,False,True,0,Low
P0012,2026-09-22 21:47:22,2026-09-22 23:20:22,93.0,False,True,0,Low
P0013,2026-09-22 21:47:22,2026-09-22 23:09:22,82.0,False,True,0,Low
P0014,2026-09-22 21:47:22,2026-09-22 23:15:22,88.0,False,True,0,Low
P0015,2026-09-22 21:47:22,2026-09-22 23:32:22,105.0,True,False,3,High
P0016,2026-09-22 21:47:22,2026-09-22 23:24:22,97.0,False,True,0,Low
P0017,2026-09-22 21:47:22,2026-09-22 23:39:22,112.0,True,False,3,High
P0018,2026-09-22 21:47:22,2026-09-22 23:32:22,105.0,True,False,3,High
P0019,2026-09-22 21:47:22,2026-09-22 22:54:22,67.0,False,True,0,Low
P0020,2026-09-22 21:47:22,2026-09-23 00:08:22,141.0,True,False,3,High
P0021,2026-09-22 21:47:22,2026-09-22 23:10:22,83.0,False,True,0,Low
P0022,2026-09-22 21:47:22,2026-09-22 23:22:22,95.0,False,True,0,Low
P0023,2026-09-22 21:47:22,2026-09-22 23:57:22,130.0,True,False,3,High
P0024,2026-09-22 21:47:22,2026-09-22 23:28:22,101.0,False,True,1,Medium
P0025,2026-09-22 21:47:22,2026-09-22 23:34:22,107.0,False,True,1,Medium
P0026,2026-09-22 21:47:22,2026-09-22 23:14:22,87.0,False,True,0,Low
P0027,2026-09-22 21:47:22,2026-09-22 23:25:22,98.0,False,True,0,Low
P0028,2026-09-22 21:47:22,2026-09-22 23:34:22,107.0,False,True,1,Medium
P0029,2026-09-22 21:47:22,2026-09-22 23:31:22,104.0,False,True,1,Medium
P0030,2026-09-22 21:47:22,2026-09-22 23:13:22,86.0,False,True,0,Low
P0031,2026-09-22 21:47:22,2026-09-22 23:17:22,90.0,False,True,0,Low
P0032,2026-09-22 21:47:22,2026-09-22 23:44:22,117.0,True,False,3,High
P0033,2026-09-22 21:47:22,2026-09-22 23:20:22,93.0,False,True,0,Low
P0034,2026-09-22 21:47:22,2026-09-23 00:24:22,157.0,True,False,3,High
P0035,2026-09-22 21:47:22,2026-09-22 23:07:22,80.0,False,True,0,Low
P0036,2026-09-22 21:47:22,2026-09-23 00:08:22,141.0,True,False,3,High
P0037,2026-09-22 21:47:22,2026-09-22 23:43:22,116.0,True,False,3,High
P0038,2026-09-22 21:47:22,2026-09-22 23:13:22,86.0,True,False,2,High
P0039,2026-09-22 21:47:22,2026-09-23 00:03:22,136.0,True,False,3,High
P0040,2026-09-22 21:47:22,2026-09-23 00:04:22,137.0,True,False,3,High
P0041,2026-09-22 21:47:22,2026-09-22 23:17:22,90.0,False,True,0,Low
P0042,2026-09-22 21:47:22,2026-09-22 23:18:22,91.0,False,True,0,Low
P0043,2026-09-22 21:47:22,2026-09-22 23:29:22,102.0,False,True,1,Medium
P0044,2026-09-22 21:47:22,2026-09-22 23:03:22,76.0,False,True,0,Low
P0045,2026-09-22 21:47:22,2026-09-22 23:49:22,122.0,False,True,1,Medium
P0046,2026-09-22 21:47:22,2026-09-22 22:58:22,71.0,False,True,0,Low
P0047,2026-09-22 21:47:22,2026-09-22 23:50:22,123.0,False,True,1,Medium
P0048,2026-09-22 21:47:22,2026-09-23 00:04:22,137.0,True,False,3,High
P0049,2026-09-22 21:47:22,2026-09-22 23:19:22,92.0,False,True,0,Low
P0050,2026-09-22 21:47:22,2026-09-22 23:21:22,94.0,False,True,0,Low
P0051,2026-09-22 21:47:22,2026-09-22 23:35:22,108.0,False,True,1,Medium
P0052,2026-09-22 21:47:22,2026-09-22 23:42:22,115.0,False,True,1,Medium
P0053,2026-09-22 21:47:22,2026-09-22 23:31:22,104.0,False,True,1,Medium
P0054,2026-09-22 21:47:22,2026-09-22 23:07:22,80.0,False,True,0,Low
P0055,2026-09-22 21:47:22,2026-09-22 23:15:22,88.0,False,True,0,Low
P0056,2026-09-22 21:47:22,2026-09-22 23:54:22,127.0,True,False,3,High
P0057,2026-09-22 21:47:22,2026-09-22 23:12:22,85.0,False,True,0,Low
P0058,2026-09-22 21:47:22,2026-09-22 23:10:22,83.0,True,False,2,High
P0059,2026-09-22 21:47:22,2026-09-22 23:29:22,102.0,True,False,3,High
P0060,2026-09-22 21:47:22,2026-09-22 23:37:22,110.0,True,False,3,High
P0061,2026-09-22 21:47:22,2026-09-22 22:53:22,66.0,False,True,0,Low
P0062,2026-09-22 21:47:22,2026-09-22 23:43:22,116.0,True,False,3,High
P0063,2026-09-22 21:47:22,2026-09-22 22:52:22,65.0,False,True,0,Low
P0064,2026-09-22 21:47:22,2026-09-22 23:36:22,109.0,False,True,1,Medium
P0065,2026-09-22 21:47:22,2026-09-22 23:11:22,84.0,False,True,0,Low
P0066,2026-09-22 21:47:22,2026-09-22 23:25:22,98.0,False,True,0,Low
P0067,2026-09-22 21:47:22,2026-09-22 23:54:22,127.0,True,False,3,High
P0068,2026-09-22 21:47:22,2026-09-22 23:25:22,98.0,False,True,0,Low
P0069,2026-09-22 21:47:22,2026-09-22 23:19:22,92.0,True,False,2,High
P0070,2026-09-22 21:47:22,2026-09-22 23:34:22,107.0,False,True,1,Medium
P0071,2026-09-22 21:47:22,2026-09-22 23:10:22,83.0,False,True,0,Low
P0072,2026-09-22 21:47:22,2026-09-22 22:47:22,60.0,False,True,0,Low
P0073,2026-09-22 21:47:22,2026-09-22 23:48:22,121.0,True,False,3,High
P0074,2026-09-22 21:47:22,2026-09-22 23:29:22,102.0,True,False,3,High
P0075,2026-09-22 21:47:22,2026-09-22 23:48:22,121.0,True,False,3,High
P0076,2026-09-22 21:47:22,2026-09-22 23:27:22,100.0,True,False,2,High
P0077,2026-09-22 21:47:22,2026-09-22 23:08:22,81.0,False,True,0,Low
P0078,2026-09-22 21:47:22,2026-09-23 00:02:22,135.0,True,False,3,High
P0079,2026-09-22 21:47:22,2026-09-22 23:34:22,107.0,False,True,1,Medium
P0080,2026-09-22 21:47:22,2026-09-22 23:06:22,79.0,False,True,0,Low
P0081,2026-09-22 21:47:22,2026-09-22 23:33:22,106.0,True,False,3,High
P0082,2026-09-22 21:47:22,2026-09-22 23:10:22,83.0,False,True,0,Low
P0083,2026-09-22 21:47:22,2026-09-22 23:33:22,106.0,True,False,3,High
P0084,2026-09-22 21:47:22,2026-09-22 23:38:22,111.0,True,False,3,High
P0085,2026-09-22 21:47:22,2026-09-22 23:36:22,109.0,True,False,3,High
P0086,2026-09-22 21:47:22,2026-09-22 23:03:22,76.0,False,True,0,Low
P0087,2026-09-22 21:47:22,2026-09-22 23:12:22,85.0,False,True,0,Low
P0088,2026-09-22 21:47:22,2026-09-22 23:05:22,78.0,False,True,0,Low
P0089,2026-09-22 21:47:22,2026-09-23 00:08:22,141.0,True,False,3,High
P0090,2026-09-22 21:47:22,2026-09-23 00:01:22,134.0,True,False,3,High
P0091,2026-09-22 21:47:22,2026-09-22 23:29:22,102.0,False,True,1,Medium
P0092,2026-09-22 21:47:22,2026-09-22 23:13:22,86.0,False,True,0,Low
P0093,2026-09-22 21:47:22,2026-09-22 22:58:22,71.0,False,True,0,Low
P0094,2026-09-22 21:47:22,2026-09-22 23:26:22,99.0,True,False,2,High
P0095,2026-09-22 21:47:22,2026-09-22 23:15:22,88.0,False,True,0,Low
P0096,2026-09-22 21:47:22,2026-09-23 00:01:22,134.0,False,True,1,Medium
P0097,2026-09-22 21:47:22,2026-09-22 22:52:22,65.0,False,True,0,Low
P0098,2026-09-22 21:47:22,2026-09-22 23:50:22,123.0,True,False,3,High
P0099,2026-09-22 21:47:22,2026-09-22 23:43:22,116.0,False,True,1,Medium
P0100,2026-09-22 21:47:22,2026-09-22 23:58:22,131.0,False,True,1,Medium
