Case_ID,min,max,duration_minutes
P0001,2026-09-22 21:47:22,2026-09-22 23:18:22,91.0
P0002,2026-09-22 21:47:22,2026-09-22 23:45:22,118.0
P0003,2026-09-22 21:47:22,2026-09-22 23:24:22,97.0
P0004,2026-09-22 21:47:22,2026-09-22 23:17:22,90.0
P0005,2026-09-22 21:47:22,2026-09-22 23:21:22,94.0
P0006,2026-09-22 21:47:22,2026-09-22 23:20:22,93.0
P0007,2026-09-22 21:47:22,2026-09-22 23:34:22,107.0
P0008,2026-09-22 21:47:22,2026-09-22 22:57:22,70.0
P0009,2026-09-22 21:47:22,2026-09-22 23:42:22,115.0
P0010,2026-09-22 21:47:22,2026-09-22 23:34:22,107.0
P0011,2026-09-22 21:47:22,2026-09-22 23:00:22,73.0
P0012,2026-09-22 21:47:22,2026-09-22 23:20:22,93.0
P0013,2026-09-22 21:47:22,2026-09-22 23:09:22,82.0
P0014,2026-09-22 21:47:22,2026-09-22 23:15:22,88.0
P0015,2026-09-22 21:47:22,2026-09-22 23:32:22,105.0
P0016,2026-09-22 21:47:22,2026-09-22 23:24:22,97.0
P0017,2026-09-22 21:47:22,2026-09-22 23:39:22,112.0
P0018,2026-09-22 21:47:22,2026-09-22 23:32:22,105.0
P0019,2026-09-22 21:47:22,2026-09-22 22:54:22,67.0
P0020,2026-09-22 21:47:22,2026-09-23 00:08:22,141.0
P0021,2026-09-22 21:47:22,2026-09-22 23:10:22,83.0
P0022,2026-09-22 21:47:22,2026-09-22 23:22:22,95.0
P0023,2026-09-22 21:47:22,2026-09-22 23:57:22,130.0
P0024,2026-09-22 21:47:22,2026-09-22 23:28:22,101.0
P0025,2026-09-22 21:47:22,2026-09-22 23:34:22,107.0
P0026,2026-09-22 21:47:22,2026-09-22 23:14:22,87.0
P0027,2026-09-22 21:47:22,2026-09-22 23:25:22,98.0
P0028,2026-09-22 21:47:22,2026-09-22 23:34:22,107.0
P0029,2026-09-22 21:47:22,2026-09-22 23:31:22,104.0
P0030,2026-09-22 21:47:22,2026-09-22 23:13:22,86.0
P0031,2026-09-22 21:47:22,2026-09-22 23:17:22,90.0
P0032,2026-09-22 21:47:22,2026-09-22 23:44:22,117.0
P0033,2026-09-22 21:47:22,2026-09-22 23:20:22,93.0
P0034,2026-09-22 21:47:22,2026-09-23 00:24:22,157.0
P0035,2026-09-22 21:47:22,2026-09-22 23:07:22,80.0
P0036,2026-09-22 21:47:22,2026-09-23 00:08:22,141.0
P0037,2026-09-22 21:47:22,2026-09-22 23:43:22,116.0
P0038,2026-09-22 21:47:22,2026-09-22 23:13:22,86.0
P0039,2026-09-22 21:47:22,2026-09-23 00:03:22,136.0
P0040,2026-09-22 21:47:22,2026-09-23 00:04:22,137.0
P0041,2026-09-22 21:47:22,2026-09-22 23:17:22,90.0
P0042,2026-09-22 21:47:22,2026-09-22 23:18:22,91.0
P0043,2026-09-22 21:47:22,2026-09-22 23:29:22,102.0
P0044,2026-09-22 21:47:22,2026-09-22 23:03:22,76.0
P0045,2026-09-22 21:47:22,2026-09-22 23:49:22,122.0
P0046,2026-09-22 21:47:22,2026-09-22 22:58:22,71.0
P0047,2026-09-22 21:47:22,2026-09-22 23:50:22,123.0
P0048,2026-09-22 21:47:22,2026-09-23 00:04:22,137.0
P0049,2026-09-22 21:47:22,2026-09-22 23:19:22,92.0
P0050,2026-09-22 21:47:22,2026-09-22 23:21:22,94.0
P0051,2026-09-22 21:47:22,2026-09-22 23:35:22,108.0
P0052,2026-09-22 21:47:22,2026-09-22 23:42:22,115.0
P0053,2026-09-22 21:47:22,2026-09-22 23:31:22,104.0
P0054,2026-09-22 21:47:22,2026-09-22 23:07:22,80.0
P0055,2026-09-22 21:47:22,2026-09-22 23:15:22,88.0
P0056,2026-09-22 21:47:22,2026-09-22 23:54:22,127.0
P0057,2026-09-22 21:47:22,2026-09-22 23:12:22,85.0
P0058,2026-09-22 21:47:22,2026-09-22 23:10:22,83.0
P0059,2026-09-22 21:47:22,2026-09-22 23:29:22,102.0
P0060,2026-09-22 21:47:22,2026-09-22 23:37:22,110.0
P0061,2026-09-22 21:47:22,2026-09-22 22:53:22,66.0
P0062,2026-09-22 21:47:22,2026-09-22 23:43:22,116.0
P0063,2026-09-22 21:47:22,2026-09-22 22:52:22,65.0
P0064,2026-09-22 21:47:22,2026-09-22 23:36:22,109.0
P0065,2026-09-22 21:47:22,2026-09-22 23:11:22,84.0
P0066,2026-09-22 21:47:22,2026-09-22 23:25:22,98.0
P0067,2026-09-22 21:47:22,2026-09-22 23:54:22,127.0
P0068,2026-09-22 21:47:22,2026-09-22 23:25:22,98.0
P0069,2026-09-22 21:47:22,2026-09-22 23:19:22,92.0
P0070,2026-09-22 21:47:22,2026-09-22 23:34:22,107.0
P0071,2026-09-22 21:47:22,2026-09-22 23:10:22,83.0
P0072,2026-09-22 21:47:22,2026-09-22 22:47:22,60.0
P0073,2026-09-22 21:47:22,2026-09-22 23:48:22,121.0
P0074,2026-09-22 21:47:22,2026-09-22 23:29:22,102.0
P0075,2026-09-22 21:47:22,2026-09-22 23:48:22,121.0
P0076,2026-09-22 21:47:22,2026-09-22 23:27:22,100.0
P0077,2026-09-22 21:47:22,2026-09-22 23:08:22,81.0
P0078,2026-09-22 21:47:22,2026-09-23 00:02:22,135.0
P0079,2026-09-22 21:47:22,2026-09-22 23:34:22,107.0
P0080,2026-09-22 21:47:22,2026-09-22 23:06:22,79.0
P0081,2026-09-22 21:47:22,2026-09-22 23:33:22,106.0
P0082,2026-09-22 21:47:22,2026-09-22 23:10:22,83.0
P0083,2026-09-22 21:47:22,2026-09-22 23:33:22,106.0
P0084,2026-09-22 21:47:22,2026-09-22 23:38:22,111.0
P0085,2026-09-22 21:47:22,2026-09-22 23:36:22,109.0
P0086,2026-09-22 21:47:22,2026-09-22 23:03:22,76.0
P0087,2026-09-22 21:47:22,2026-09-22 23:12:22,85.0
P0088,2026-09-22 21:47:22,2026-09-22 23:05:22,78.0
P0089,2026-09-22 21:47:22,2026-09-23 00:08:22,141.0
P0090,2026-09-22 21:47:22,2026-09-23 00:01:22,134.0
P0091,2026-09-22 21:47:22,2026-09-22 23:29:22,102.0
P0092,2026-09-22 21:47:22,2026-09-22 23:13:22,86.0
P0093,2026-09-22 21:47:22,2026-09-22 22:58:22,71.0
P0094,2026-09-22 21:47:22,2026-09-22 23:26:22,99.0
P0095,2026-09-22 21:47:22,2026-09-22 23:15:22,88.0
P0096,2026-09-22 21:47:22,2026-09-23 00:01:22,134.0
P0097,2026-09-22 21:47:22,2026-09-22 22:52:22,65.0
P0098,2026-09-22 21:47:22,2026-09-22 23:50:22,123.0
P0099,2026-09-22 21:47:22,2026-09-22 23:43:22,116.0
P0100,2026-09-22 21:47:22,2026-09-22 23:58:22,131.0
