Case_ID,Activity,Timestamp
P0001,Registration,2026-09-22 21:47:22
P0001,Triage,2026-09-22 22:12:22
P0001,Doctor Consultation,2026-09-22 22:28:22
P0001,X-Ray,2026-09-22 22:35:22
P0001,Billing,2026-09-22 22:58:22
P0001,Discharge,2026-09-22 23:18:22
P0002,Registration,2026-09-22 21:47:22
P0002,Triage,2026-09-22 22:08:22
P0002,Doctor Consultation,2026-09-22 22:36:22
P0002,X-Ray,2026-09-22 23:06:22
P0002,Billing,2026-09-22 23:16:22
P0002,Discharge,2026-09-22 23:45:22
P0003,Registration,2026-09-22 21:47:22
P0003,Triage,2026-09-22 22:16:22
P0003,Doctor Consultation,2026-09-22 22:29:22
P0003,X-Ray,2026-09-22 22:59:22
P0003,Billing,2026-09-22 23:18:22
P0003,Discharge,2026-09-22 23:24:22
P0004,Registration,2026-09-22 21:47:22
P0004,Triage,2026-09-22 22:01:22
P0004,Doctor Consultation,2026-09-22 22:22:22
P0004,X-Ray,2026-09-22 22:50:22
P0004,Billing,2026-09-22 23:07:22
P0004,Discharge,2026-09-22 23:17:22
P0005,Registration,2026-09-22 21:47:22
P0005,Triage,2026-09-22 22:08:22
P0005,Doctor Consultation,2026-09-22 22:36:22
P0005,X-Ray,2026-09-22 22:47:22
P0005,Billing,2026-09-22 23:09:22
P0005,Discharge,2026-09-22 23:21:22
P0006,Registration,2026-09-22 21:47:22
P0006,Triage,2026-09-22 22:00:22
P0006,Doctor Consultation,2026-09-22 22:08:22
P0006,X-Ray,2026-09-22 22:30:22
P0006,Billing,2026-09-22 22:56:22
P0006,Discharge,2026-09-22 23:20:22
P0007,Registration,2026-09-22 21:47:22
P0007,Triage,2026-09-22 22:13:22
P0007,Doctor Consultation,2026-09-22 22:43:22
P0007,X-Ray,2026-09-22 22:58:22
P0007,Billing,2026-09-22 23:23:22
P0007,Discharge,2026-09-22 23:34:22
P0008,Registration,2026-09-22 21:47:22
P0008,Triage,2026-09-22 22:03:22
P0008,Doctor Consultation,2026-09-22 22:15:22
P0008,X-Ray,2026-09-22 22:30:22
P0008,Billing,2026-09-22 22:49:22
P0008,Discharge,2026-09-22 22:57:22
P0009,Registration,2026-09-22 21:47:22
P0009,Triage,2026-09-22 22:14:22
P0009,Doctor Consultation,2026-09-22 22:42:22
P0009,X-Ray,2026-09-22 22:58:22
P0009,Billing,2026-09-22 23:17:22
P0009,Discharge,2026-09-22 23:42:22
P0010,Registration,2026-09-22 21:47:22
P0010,Triage,2026-09-22 22:16:22
P0010,Doctor Consultation,2026-09-22 22:36:22
P0010,X-Ray,2026-09-22 23:05:22
P0010,Billing,2026-09-22 23:27:22
P0010,Discharge,2026-09-22 23:34:22
P0011,Registration,2026-09-22 21:47:22
P0011,Triage,2026-09-22 22:04:22
P0011,Doctor Consultation,2026-09-22 22:17:22
P0011,X-Ray,2026-09-22 22:24:22
P0011,Billing,2026-09-22 22:38:22
P0011,Discharge,2026-09-22 23:00:22
P0012,Registration,2026-09-22 21:47:22
P0012,Triage,2026-09-22 22:03:22
P0012,Doctor Consultation,2026-09-22 22:13:22
P0012,X-Ray,2026-09-22 22:35:22
P0012,Billing,2026-09-22 23:00:22
P0012,Discharge,2026-09-22 23:20:22
P0013,Registration,2026-09-22 21:47:22
P0013,Triage,2026-09-22 22:02:22
P0013,Doctor Consultation,2026-09-22 22:09:22
P0013,X-Ray,2026-09-22 22:35:22
P0013,Billing,2026-09-22 22:56:22
P0013,Discharge,2026-09-22 23:09:22
P0014,Registration,2026-09-22 21:47:22
P0014,Triage,2026-09-22 21:58:22
P0014,Doctor Consultation,2026-09-22 22:13:22
P0014,X-Ray,2026-09-22 22:23:22
P0014,Billing,2026-09-22 22:47:22
P0014,Discharge,2026-09-22 23:15:22
P0015,Registration,2026-09-22 21:47:22
P0015,Triage,2026-09-22 22:05:22
P0015,Doctor Consultation,2026-09-22 22:27:22
P0015,X-Ray,2026-09-22 22:32:22
P0015,Triage,2026-09-22 22:57:22
P0015,Doctor Consultation,2026-09-22 23:12:22
P0015,Billing,2026-09-22 23:24:22
P0015,Discharge,2026-09-22 23:32:22
P0016,Registration,2026-09-22 21:47:22
P0016,Triage,2026-09-22 21:59:22
P0016,Doctor Consultation,2026-09-22 22:24:22
P0016,X-Ray,2026-09-22 22:49:22
P0016,Billing,2026-09-22 23:12:22
P0016,Discharge,2026-09-22 23:24:22
P0017,Registration,2026-09-22 21:47:22
P0017,Triage,2026-09-22 22:07:22
P0017,Doctor Consultation,2026-09-22 22:34:22
P0017,X-Ray,2026-09-22 22:50:22
P0017,Triage,2026-09-22 22:59:22
P0017,Doctor Consultation,2026-09-22 23:08:22
P0017,Billing,2026-09-22 23:21:22
P0017,Discharge,2026-09-22 23:39:22
P0018,Registration,2026-09-22 21:47:22
P0018,Triage,2026-09-22 21:57:22
P0018,Doctor Consultation,2026-09-22 22:15:22
P0018,X-Ray,2026-09-22 22:23:22
P0018,Triage,2026-09-22 22:31:22
P0018,Doctor Consultation,2026-09-22 22:48:22
P0018,Billing,2026-09-22 23:02:22
P0018,Discharge,2026-09-22 23:32:22
P0019,Registration,2026-09-22 21:47:22
P0019,Triage,2026-09-22 22:02:22
P0019,Doctor Consultation,2026-09-22 22:17:22
P0019,X-Ray,2026-09-22 22:42:22
P0019,Billing,2026-09-22 22:47:22
P0019,Discharge,2026-09-22 22:54:22
P0020,Registration,2026-09-22 21:47:22
P0020,Triage,2026-09-22 22:02:22
P0020,Doctor Consultation,2026-09-22 22:19:22
P0020,X-Ray,2026-09-22 22:46:22
P0020,Triage,2026-09-22 23:12:22
P0020,Doctor Consultation,2026-09-22 23:28:22
P0020,Billing,2026-09-22 23:43:22
P0020,Discharge,2026-09-23 00:08:22
P0021,Registration,2026-09-22 21:47:22
P0021,Triage,2026-09-22 22:16:22
P0021,Doctor Consultation,2026-09-22 22:27:22
P0021,X-Ray,2026-09-22 22:52:22
P0021,Billing,2026-09-22 22:57:22
P0021,Discharge,2026-09-22 23:10:22
P0022,Registration,2026-09-22 21:47:22
P0022,Triage,2026-09-22 21:57:22
P0022,Doctor Consultation,2026-09-22 22:17:22
P0022,X-Ray,2026-09-22 22:37:22
P0022,Billing,2026-09-22 23:06:22
P0022,Discharge,2026-09-22 23:22:22
P0023,Registration,2026-09-22 21:47:22
P0023,Triage,2026-09-22 22:13:22
P0023,Doctor Consultation,2026-09-22 22:19:22
P0023,X-Ray,2026-09-22 22:43:22
P0023,Triage,2026-09-22 23:09:22
P0023,Doctor Consultation,2026-09-22 23:21:22
P0023,Billing,2026-09-22 23:30:22
P0023,Discharge,2026-09-22 23:57:22
P0024,Registration,2026-09-22 21:47:22
P0024,Triage,2026-09-22 22:04:22
P0024,Doctor Consultation,2026-09-22 22:22:22
P0024,X-Ray,2026-09-22 22:43:22
P0024,Billing,2026-09-22 23:07:22
P0024,Discharge,2026-09-22 23:28:22
P0025,Registration,2026-09-22 21:47:22
P0025,Triage,2026-09-22 22:13:22
P0025,Doctor Consultation,2026-09-22 22:37:22
P0025,X-Ray,2026-09-22 22:47:22
P0025,Billing,2026-09-22 23:16:22
P0025,Discharge,2026-09-22 23:34:22
P0026,Registration,2026-09-22 21:47:22
P0026,Triage,2026-09-22 22:08:22
P0026,Doctor Consultation,2026-09-22 22:30:22
P0026,X-Ray,2026-09-22 22:40:22
P0026,Billing,2026-09-22 23:01:22
P0026,Discharge,2026-09-22 23:14:22
P0027,Registration,2026-09-22 21:47:22
P0027,Triage,2026-09-22 22:12:22
P0027,Doctor Consultation,2026-09-22 22:30:22
P0027,X-Ray,2026-09-22 22:45:22
P0027,Billing,2026-09-22 23:12:22
P0027,Discharge,2026-09-22 23:25:22
P0028,Registration,2026-09-22 21:47:22
P0028,Triage,2026-09-22 22:13:22
P0028,Doctor Consultation,2026-09-22 22:33:22
P0028,X-Ray,2026-09-22 23:01:22
P0028,Billing,2026-09-22 23:19:22
P0028,Discharge,2026-09-22 23:34:22
P0029,Registration,2026-09-22 21:47:22
P0029,Triage,2026-09-22 21:59:22
P0029,Doctor Consultation,2026-09-22 22:27:22
P0029,X-Ray,2026-09-22 22:52:22
P0029,Billing,2026-09-22 23:13:22
P0029,Discharge,2026-09-22 23:31:22
P0030,Registration,2026-09-22 21:47:22
P0030,Triage,2026-09-22 21:56:22
P0030,Doctor Consultation,2026-09-22 22:04:22
P0030,X-Ray,2026-09-22 22:25:22
P0030,Billing,2026-09-22 22:47:22
P0030,Discharge,2026-09-22 23:13:22
P0031,Registration,2026-09-22 21:47:22
P0031,Triage,2026-09-22 22:09:22
P0031,Doctor Consultation,2026-09-22 22:21:22
P0031,X-Ray,2026-09-22 22:46:22
P0031,Billing,2026-09-22 23:09:22
P0031,Discharge,2026-09-22 23:17:22
P0032,Registration,2026-09-22 21:47:22
P0032,Triage,2026-09-22 22:10:22
P0032,Doctor Consultation,2026-09-22 22:23:22
P0032,X-Ray,2026-09-22 22:39:22
P0032,Triage,2026-09-22 23:01:22
P0032,Doctor Consultation,2026-09-22 23:08:22
P0032,Billing,2026-09-22 23:20:22
P0032,Discharge,2026-09-22 23:44:22
P0033,Registration,2026-09-22 21:47:22
P0033,Triage,2026-09-22 22:11:22
P0033,Doctor Consultation,2026-09-22 22:34:22
P0033,X-Ray,2026-09-22 22:47:22
P0033,Billing,2026-09-22 23:07:22
P0033,Discharge,2026-09-22 23:20:22
P0034,Registration,2026-09-22 21:47:22
P0034,Triage,2026-09-22 22:17:22
P0034,Doctor Consultation,2026-09-22 22:46:22
P0034,X-Ray,2026-09-22 23:13:22
P0034,Triage,2026-09-22 23:42:22
P0034,Doctor Consultation,2026-09-23 00:01:22
P0034,Billing,2026-09-23 00:19:22
P0034,Discharge,2026-09-23 00:24:22
P0035,Registration,2026-09-22 21:47:22
P0035,Triage,2026-09-22 21:52:22
P0035,Doctor Consultation,2026-09-22 22:01:22
P0035,X-Ray,2026-09-22 22:23:22
P0035,Billing,2026-09-22 22:52:22
P0035,Discharge,2026-09-22 23:07:22
P0036,Registration,2026-09-22 21:47:22
P0036,Triage,2026-09-22 22:13:22
P0036,Doctor Consultation,2026-09-22 22:39:22
P0036,X-Ray,2026-09-22 23:02:22
P0036,Triage,2026-09-22 23:23:22
P0036,Doctor Consultation,2026-09-22 23:40:22
P0036,Billing,2026-09-22 23:47:22
P0036,Discharge,2026-09-23 00:08:22
P0037,Registration,2026-09-22 21:47:22
P0037,Triage,2026-09-22 22:15:22
P0037,Doctor Consultation,2026-09-22 22:22:22
P0037,X-Ray,2026-09-22 22:37:22
P0037,Triage,2026-09-22 22:59:22
P0037,Doctor Consultation,2026-09-22 23:10:22
P0037,Billing,2026-09-22 23:29:22
P0037,Discharge,2026-09-22 23:43:22
P0038,Registration,2026-09-22 21:47:22
P0038,Triage,2026-09-22 21:58:22
P0038,Doctor Consultation,2026-09-22 22:12:22
P0038,X-Ray,2026-09-22 22:29:22
P0038,Triage,2026-09-22 22:47:22
P0038,Doctor Consultation,2026-09-22 22:56:22
P0038,Billing,2026-09-22 23:02:22
P0038,Discharge,2026-09-22 23:13:22
P0039,Registration,2026-09-22 21:47:22
P0039,Triage,2026-09-22 22:13:22
P0039,Doctor Consultation,2026-09-22 22:38:22
P0039,X-Ray,2026-09-22 22:53:22
P0039,Triage,2026-09-22 23:19:22
P0039,Doctor Consultation,2026-09-22 23:30:22
P0039,Billing,2026-09-22 23:44:22
P0039,Discharge,2026-09-23 00:03:22
P0040,Registration,2026-09-22 21:47:22
P0040,Triage,2026-09-22 22:05:22
P0040,Doctor Consultation,2026-09-22 22:12:22
P0040,X-Ray,2026-09-22 22:40:22
P0040,Triage,2026-09-22 23:08:22
P0040,Doctor Consultation,2026-09-22 23:23:22
P0040,Billing,2026-09-22 23:37:22
P0040,Discharge,2026-09-23 00:04:22
P0041,Registration,2026-09-22 21:47:22
P0041,Triage,2026-09-22 22:01:22
P0041,Doctor Consultation,2026-09-22 22:18:22
P0041,X-Ray,2026-09-22 22:36:22
P0041,Billing,2026-09-22 22:52:22
P0041,Discharge,2026-09-22 23:17:22
P0042,Registration,2026-09-22 21:47:22
P0042,Triage,2026-09-22 22:02:22
P0042,Doctor Consultation,2026-09-22 22:28:22
P0042,X-Ray,2026-09-22 22:46:22
P0042,Billing,2026-09-22 22:55:22
P0042,Discharge,2026-09-22 23:18:22
P0043,Registration,2026-09-22 21:47:22
P0043,Triage,2026-09-22 21:53:22
P0043,Doctor Consultation,2026-09-22 22:20:22
P0043,X-Ray,2026-09-22 22:49:22
P0043,Billing,2026-09-22 23:03:22
P0043,Discharge,2026-09-22 23:29:22
P0044,Registration,2026-09-22 21:47:22
P0044,Triage,2026-09-22 22:03:22
P0044,Doctor Consultation,2026-09-22 22:18:22
P0044,X-Ray,2026-09-22 22:28:22
P0044,Billing,2026-09-22 22:48:22
P0044,Discharge,2026-09-22 23:03:22
P0045,Registration,2026-09-22 21:47:22
P0045,Triage,2026-09-22 21:58:22
P0045,Doctor Consultation,2026-09-22 22:25:22
P0045,X-Ray,2026-09-22 22:53:22
P0045,Billing,2026-09-22 23:22:22
P0045,Discharge,2026-09-22 23:49:22
P0046,Registration,2026-09-22 21:47:22
P0046,Triage,2026-09-22 22:15:22
P0046,Doctor Consultation,2026-09-22 22:27:22
P0046,X-Ray,2026-09-22 22:40:22
P0046,Billing,2026-09-22 22:51:22
P0046,Discharge,2026-09-22 22:58:22
P0047,Registration,2026-09-22 21:47:22
P0047,Triage,2026-09-22 22:12:22
P0047,Doctor Consultation,2026-09-22 22:38:22
P0047,X-Ray,2026-09-22 23:05:22
P0047,Billing,2026-09-22 23:23:22
P0047,Discharge,2026-09-22 23:50:22
P0048,Registration,2026-09-22 21:47:22
P0048,Triage,2026-09-22 22:15:22
P0048,Doctor Consultation,2026-09-22 22:43:22
P0048,X-Ray,2026-09-22 22:53:22
P0048,Triage,2026-09-22 23:17:22
P0048,Doctor Consultation,2026-09-22 23:33:22
P0048,Billing,2026-09-22 23:51:22
P0048,Discharge,2026-09-23 00:04:22
P0049,Registration,2026-09-22 21:47:22
P0049,Triage,2026-09-22 22:02:22
P0049,Doctor Consultation,2026-09-22 22:19:22
P0049,X-Ray,2026-09-22 22:48:22
P0049,Billing,2026-09-22 22:54:22
P0049,Discharge,2026-09-22 23:19:22
P0050,Registration,2026-09-22 21:47:22
P0050,Triage,2026-09-22 22:16:22
P0050,Doctor Consultation,2026-09-22 22:21:22
P0050,X-Ray,2026-09-22 22:38:22
P0050,Billing,2026-09-22 23:03:22
P0050,Discharge,2026-09-22 23:21:22
P0051,Registration,2026-09-22 21:47:22
P0051,Triage,2026-09-22 21:56:22
P0051,Doctor Consultation,2026-09-22 22:24:22
P0051,X-Ray,2026-09-22 22:45:22
P0051,Billing,2026-09-22 23:05:22
P0051,Discharge,2026-09-22 23:35:22
P0052,Registration,2026-09-22 21:47:22
P0052,Triage,2026-09-22 22:15:22
P0052,Doctor Consultation,2026-09-22 22:44:22
P0052,X-Ray,2026-09-22 23:12:22
P0052,Billing,2026-09-22 23:20:22
P0052,Discharge,2026-09-22 23:42:22
P0053,Registration,2026-09-22 21:47:22
P0053,Triage,2026-09-22 22:02:22
P0053,Doctor Consultation,2026-09-22 22:19:22
P0053,X-Ray,2026-09-22 22:44:22
P0053,Billing,2026-09-22 23:03:22
P0053,Discharge,2026-09-22 23:31:22
P0054,Registration,2026-09-22 21:47:22
P0054,Triage,2026-09-22 21:57:22
P0054,Doctor Consultation,2026-09-22 22:14:22
P0054,X-Ray,2026-09-22 22:25:22
P0054,Billing,2026-09-22 22:50:22
P0054,Discharge,2026-09-22 23:07:22
P0055,Registration,2026-09-22 21:47:22
P0055,Triage,2026-09-22 22:03:22
P0055,Doctor Consultation,2026-09-22 22:26:22
P0055,X-Ray,2026-09-22 22:55:22
P0055,Billing,2026-09-22 23:00:22
P0055,Discharge,2026-09-22 23:15:22
P0056,Registration,2026-09-22 21:47:22
P0056,Triage,2026-09-22 22:09:22
P0056,Doctor Consultation,2026-09-22 22:34:22
P0056,X-Ray,2026-09-22 22:43:22
P0056,Triage,2026-09-22 22:53:22
P0056,Doctor Consultation,2026-09-22 23:12:22
P0056,Billing,2026-09-22 23:24:22
P0056,Discharge,2026-09-22 23:54:22
P0057,Registration,2026-09-22 21:47:22
P0057,Triage,2026-09-22 21:58:22
P0057,Doctor Consultation,2026-09-22 22:28:22
P0057,X-Ray,2026-09-22 22:37:22
P0057,Billing,2026-09-22 22:47:22
P0057,Discharge,2026-09-22 23:12:22
P0058,Registration,2026-09-22 21:47:22
P0058,Triage,2026-09-22 21:52:22
P0058,Doctor Consultation,2026-09-22 22:05:22
P0058,X-Ray,2026-09-22 22:18:22
P0058,Triage,2026-09-22 22:23:22
P0058,Doctor Consultation,2026-09-22 22:36:22
P0058,Billing,2026-09-22 22:44:22
P0058,Discharge,2026-09-22 23:10:22
P0059,Registration,2026-09-22 21:47:22
P0059,Triage,2026-09-22 21:54:22
P0059,Doctor Consultation,2026-09-22 22:09:22
P0059,X-Ray,2026-09-22 22:36:22
P0059,Triage,2026-09-22 22:47:22
P0059,Doctor Consultation,2026-09-22 23:03:22
P0059,Billing,2026-09-22 23:21:22
P0059,Discharge,2026-09-22 23:29:22
P0060,Registration,2026-09-22 21:47:22
P0060,Triage,2026-09-22 22:10:22
P0060,Doctor Consultation,2026-09-22 22:15:22
P0060,X-Ray,2026-09-22 22:37:22
P0060,Triage,2026-09-22 22:49:22
P0060,Doctor Consultation,2026-09-22 23:05:22
P0060,Billing,2026-09-22 23:13:22
P0060,Discharge,2026-09-22 23:37:22
P0061,Registration,2026-09-22 21:47:22
P0061,Triage,2026-09-22 22:12:22
P0061,Doctor Consultation,2026-09-22 22:19:22
P0061,X-Ray,2026-09-22 22:26:22
P0061,Billing,2026-09-22 22:44:22
P0061,Discharge,2026-09-22 22:53:22
P0062,Registration,2026-09-22 21:47:22
P0062,Triage,2026-09-22 22:13:22
P0062,Doctor Consultation,2026-09-22 22:28:22
P0062,X-Ray,2026-09-22 22:35:22
P0062,Triage,2026-09-22 22:57:22
P0062,Doctor Consultation,2026-09-22 23:17:22
P0062,Billing,2026-09-22 23:34:22
P0062,Discharge,2026-09-22 23:43:22
P0063,Registration,2026-09-22 21:47:22
P0063,Triage,2026-09-22 21:59:22
P0063,Doctor Consultation,2026-09-22 22:17:22
P0063,X-Ray,2026-09-22 22:27:22
P0063,Billing,2026-09-22 22:46:22
P0063,Discharge,2026-09-22 22:52:22
P0064,Registration,2026-09-22 21:47:22
P0064,Triage,2026-09-22 22:13:22
P0064,Doctor Consultation,2026-09-22 22:37:22
P0064,X-Ray,2026-09-22 23:03:22
P0064,Billing,2026-09-22 23:31:22
P0064,Discharge,2026-09-22 23:36:22
P0065,Registration,2026-09-22 21:47:22
P0065,Triage,2026-09-22 22:11:22
P0065,Doctor Consultation,2026-09-22 22:31:22
P0065,X-Ray,2026-09-22 22:40:22
P0065,Billing,2026-09-22 22:57:22
P0065,Discharge,2026-09-22 23:11:22
P0066,Registration,2026-09-22 21:47:22
P0066,Triage,2026-09-22 22:08:22
P0066,Doctor Consultation,2026-09-22 22:21:22
P0066,X-Ray,2026-09-22 22:30:22
P0066,Billing,2026-09-22 22:57:22
P0066,Discharge,2026-09-22 23:25:22
P0067,Registration,2026-09-22 21:47:22
P0067,Triage,2026-09-22 22:15:22
P0067,Doctor Consultation,2026-09-22 22:36:22
P0067,X-Ray,2026-09-22 22:50:22
P0067,Triage,2026-09-22 23:13:22
P0067,Doctor Consultation,2026-09-22 23:27:22
P0067,Billing,2026-09-22 23:37:22
P0067,Discharge,2026-09-22 23:54:22
P0068,Registration,2026-09-22 21:47:22
P0068,Triage,2026-09-22 22:13:22
P0068,Doctor Consultation,2026-09-22 22:34:22
P0068,X-Ray,2026-09-22 22:47:22
P0068,Billing,2026-09-22 23:11:22
P0068,Discharge,2026-09-22 23:25:22
P0069,Registration,2026-09-22 21:47:22
P0069,Triage,2026-09-22 22:13:22
P0069,Doctor Consultation,2026-09-22 22:21:22
P0069,X-Ray,2026-09-22 22:45:22
P0069,Triage,2026-09-22 22:53:22
P0069,Doctor Consultation,2026-09-22 23:02:22
P0069,Billing,2026-09-22 23:07:22
P0069,Discharge,2026-09-22 23:19:22
P0070,Registration,2026-09-22 21:47:22
P0070,Triage,2026-09-22 22:10:22
P0070,Doctor Consultation,2026-09-22 22:39:22
P0070,X-Ray,2026-09-22 23:08:22
P0070,Billing,2026-09-22 23:24:22
P0070,Discharge,2026-09-22 23:34:22
P0071,Registration,2026-09-22 21:47:22
P0071,Triage,2026-09-22 21:59:22
P0071,Doctor Consultation,2026-09-22 22:27:22
P0071,X-Ray,2026-09-22 22:45:22
P0071,Billing,2026-09-22 22:51:22
P0071,Discharge,2026-09-22 23:10:22
P0072,Registration,2026-09-22 21:47:22
P0072,Triage,2026-09-22 21:54:22
P0072,Doctor Consultation,2026-09-22 22:09:22
P0072,X-Ray,2026-09-22 22:28:22
P0072,Billing,2026-09-22 22:38:22
P0072,Discharge,2026-09-22 22:47:22
P0073,Registration,2026-09-22 21:47:22
P0073,Triage,2026-09-22 21:55:22
P0073,Doctor Consultation,2026-09-22 22:24:22
P0073,X-Ray,2026-09-22 22:43:22
P0073,Triage,2026-09-22 23:12:22
P0073,Doctor Consultation,2026-09-22 23:17:22
P0073,Billing,2026-09-22 23:26:22
P0073,Discharge,2026-09-22 23:48:22
P0074,Registration,2026-09-22 21:47:22
P0074,Triage,2026-09-22 21:57:22
P0074,Doctor Consultation,2026-09-22 22:09:22
P0074,X-Ray,2026-09-22 22:31:22
P0074,Triage,2026-09-22 22:50:22
P0074,Doctor Consultation,2026-09-22 23:02:22
P0074,Billing,2026-09-22 23:16:22
P0074,Discharge,2026-09-22 23:29:22
P0075,Registration,2026-09-22 21:47:22
P0075,Triage,2026-09-22 22:16:22
P0075,Doctor Consultation,2026-09-22 22:39:22
P0075,X-Ray,2026-09-22 22:44:22
P0075,Triage,2026-09-22 23:07:22
P0075,Doctor Consultation,2026-09-22 23:16:22
P0075,Billing,2026-09-22 23:36:22
P0075,Discharge,2026-09-22 23:48:22
P0076,Registration,2026-09-22 21:47:22
P0076,Triage,2026-09-22 21:56:22
P0076,Doctor Consultation,2026-09-22 22:26:22
P0076,X-Ray,2026-09-22 22:36:22
P0076,Triage,2026-09-22 22:57:22
P0076,Doctor Consultation,2026-09-22 23:02:22
P0076,Billing,2026-09-22 23:15:22
P0076,Discharge,2026-09-22 23:27:22
P0077,Registration,2026-09-22 21:47:22
P0077,Triage,2026-09-22 21:54:22
P0077,Doctor Consultation,2026-09-22 22:03:22
P0077,X-Ray,2026-09-22 22:11:22
P0077,Billing,2026-09-22 22:39:22
P0077,Discharge,2026-09-22 23:08:22
P0078,Registration,2026-09-22 21:47:22
P0078,Triage,2026-09-22 22:10:22
P0078,Doctor Consultation,2026-09-22 22:21:22
P0078,X-Ray,2026-09-22 22:40:22
P0078,Triage,2026-09-22 22:56:22
P0078,Doctor Consultation,2026-09-22 23:15:22
P0078,Billing,2026-09-22 23:33:22
P0078,Discharge,2026-09-23 00:02:22
P0079,Registration,2026-09-22 21:47:22
P0079,Triage,2026-09-22 21:59:22
P0079,Doctor Consultation,2026-09-22 22:15:22
P0079,X-Ray,2026-09-22 22:44:22
P0079,Billing,2026-09-22 23:04:22
P0079,Discharge,2026-09-22 23:34:22
P0080,Registration,2026-09-22 21:47:22
P0080,Triage,2026-09-22 22:08:22
P0080,Doctor Consultation,2026-09-22 22:16:22
P0080,X-Ray,2026-09-22 22:30:22
P0080,Billing,2026-09-22 22:39:22
P0080,Discharge,2026-09-22 23:06:22
P0081,Registration,2026-09-22 21:47:22
P0081,Triage,2026-09-22 22:17:22
P0081,Doctor Consultation,2026-09-22 22:39:22
P0081,X-Ray,2026-09-22 22:45:22
P0081,Triage,2026-09-22 22:51:22
P0081,Doctor Consultation,2026-09-22 23:03:22
P0081,Billing,2026-09-22 23:19:22
P0081,Discharge,2026-09-22 23:33:22
P0082,Registration,2026-09-22 21:47:22
P0082,Triage,2026-09-22 22:13:22
P0082,Doctor Consultation,2026-09-22 22:33:22
P0082,X-Ray,2026-09-22 22:46:22
P0082,Billing,2026-09-22 22:53:22
P0082,Discharge,2026-09-22 23:10:22
P0083,Registration,2026-09-22 21:47:22
P0083,Triage,2026-09-22 22:14:22
P0083,Doctor Consultation,2026-09-22 22:34:22
P0083,X-Ray,2026-09-22 22:54:22
P0083,Triage,2026-09-22 23:04:22
P0083,Doctor Consultation,2026-09-22 23:11:22
P0083,Billing,2026-09-22 23:28:22
P0083,Discharge,2026-09-22 23:33:22
P0084,Registration,2026-09-22 21:47:22
P0084,Triage,2026-09-22 22:00:22
P0084,Doctor Consultation,2026-09-22 22:29:22
P0084,X-Ray,2026-09-22 22:41:22
P0084,Triage,2026-09-22 22:57:22
P0084,Doctor Consultation,2026-09-22 23:08:22
P0084,Billing,2026-09-22 23:16:22
P0084,Discharge,2026-09-22 23:38:22
P0085,Registration,2026-09-22 21:47:22
P0085,Triage,2026-09-22 21:59:22
P0085,Doctor Consultation,2026-09-22 22:05:22
P0085,X-Ray,2026-09-22 22:14:22
P0085,Triage,2026-09-22 22:37:22
P0085,Doctor Consultation,2026-09-22 22:56:22
P0085,Billing,2026-09-22 23:12:22
P0085,Discharge,2026-09-22 23:36:22
P0086,Registration,2026-09-22 21:47:22
P0086,Triage,2026-09-22 21:53:22
P0086,Doctor Consultation,2026-09-22 22:22:22
P0086,X-Ray,2026-09-22 22:32:22
P0086,Billing,2026-09-22 22:45:22
P0086,Discharge,2026-09-22 23:03:22
P0087,Registration,2026-09-22 21:47:22
P0087,Triage,2026-09-22 22:05:22
P0087,Doctor Consultation,2026-09-22 22:29:22
P0087,X-Ray,2026-09-22 22:39:22
P0087,Billing,2026-09-22 22:45:22
P0087,Discharge,2026-09-22 23:12:22
P0088,Registration,2026-09-22 21:47:22
P0088,Triage,2026-09-22 22:04:22
P0088,Doctor Consultation,2026-09-22 22:27:22
P0088,X-Ray,2026-09-22 22:52:22
P0088,Billing,2026-09-22 22:57:22
P0088,Discharge,2026-09-22 23:05:22
P0089,Registration,2026-09-22 21:47:22
P0089,Triage,2026-09-22 22:07:22
P0089,Doctor Consultation,2026-09-22 22:33:22
P0089,X-Ray,2026-09-22 22:47:22
P0089,Triage,2026-09-22 23:11:22
P0089,Doctor Consultation,2026-09-22 23:28:22
P0089,Billing,2026-09-22 23:43:22
P0089,Discharge,2026-09-23 00:08:22
P0090,Registration,2026-09-22 21:47:22
P0090,Triage,2026-09-22 22:01:22
P0090,Doctor Consultation,2026-09-22 22:11:22
P0090,X-Ray,2026-09-22 22:38:22
P0090,Triage,2026-09-22 23:04:22
P0090,Doctor Consultation,2026-09-22 23:20:22
P0090,Billing,2026-09-22 23:31:22
P0090,Discharge,2026-09-23 00:01:22
P0091,Registration,2026-09-22 21:47:22
P0091,Triage,2026-09-22 22:01:22
P0091,Doctor Consultation,2026-09-22 22:23:22
P0091,X-Ray,2026-09-22 22:41:22
P0091,Billing,2026-09-22 23:01:22
P0091,Discharge,2026-09-22 23:29:22
P0092,Registration,2026-09-22 21:47:22
P0092,Triage,2026-09-22 22:12:22
P0092,Doctor Consultation,2026-09-22 22:20:22
P0092,X-Ray,2026-09-22 22:42:22
P0092,Billing,2026-09-22 23:04:22
P0092,Discharge,2026-09-22 23:13:22
P0093,Registration,2026-09-22 21:47:22
P0093,Triage,2026-09-22 21:59:22
P0093,Doctor Consultation,2026-09-22 22:15:22
P0093,X-Ray,2026-09-22 22:24:22
P0093,Billing,2026-09-22 22:34:22
P0093,Discharge,2026-09-22 22:58:22
P0094,Registration,2026-09-22 21:47:22
P0094,Triage,2026-09-22 22:01:22
P0094,Doctor Consultation,2026-09-22 22:11:22
P0094,X-Ray,2026-09-22 22:32:22
P0094,Triage,2026-09-22 22:47:22
P0094,Doctor Consultation,2026-09-22 23:04:22
P0094,Billing,2026-09-22 23:20:22
P0094,Discharge,2026-09-22 23:26:22
P0095,Registration,2026-09-22 21:47:22
P0095,Triage,2026-09-22 22:11:22
P0095,Doctor Consultation,2026-09-22 22:34:22
P0095,X-Ray,2026-09-22 22:40:22
P0095,Billing,2026-09-22 22:56:22
P0095,Discharge,2026-09-22 23:15:22
P0096,Registration,2026-09-22 21:47:22
P0096,Triage,2026-09-22 22:15:22
P0096,Doctor Consultation,2026-09-22 22:45:22
P0096,X-Ray,2026-09-22 23:02:22
P0096,Billing,2026-09-22 23:31:22
P0096,Discharge,2026-09-23 00:01:22
P0097,Registration,2026-09-22 21:47:22
P0097,Triage,2026-09-22 21:56:22
P0097,Doctor Consultation,2026-09-22 22:19:22
P0097,X-Ray,2026-09-22 22:30:22
P0097,Billing,2026-09-22 22:41:22
P0097,Discharge,2026-09-22 22:52:22
P0098,Registration,2026-09-22 21:47:22
P0098,Triage,2026-09-22 21:53:22
P0098,Doctor Consultation,2026-09-22 22:07:22
P0098,X-Ray,2026-09-22 22:28:22
P0098,Triage,2026-09-22 22:56:22
P0098,Doctor Consultation,2026-09-22 23:03:22
P0098,Billing,2026-09-22 23:21:22
P0098,Discharge,2026-09-22 23:50:22
P0099,Registration,2026-09-22 21:47:22
P0099,Triage,2026-09-22 21:57:22
P0099,Doctor Consultation,2026-09-22 22:17:22
P0099,X-Ray,2026-09-22 22:47:22
P0099,Billing,2026-09-22 23:14:22
P0099,Discharge,2026-09-22 23:43:22
P0100,Registration,2026-09-22 21:47:22
P0100,Triage,2026-09-22 22:14:22
P0100,Doctor Consultation,2026-09-22 22:35:22
P0100,X-Ray,2026-09-22 23:03:22
P0100,Billing,2026-09-22 23:31:22
P0100,Discharge,2026-09-22 23:58:22
